{
  "balen-shah": 31.193586173708894,
  "sunil-lamsal": 62.39025434879939,
  "bhishmaraj-aangdambe": 50,
  "sudan-gurung": 85.71428571428571,
  "swarnim-wagle": 11.910081121159548,
  "rekha-sharma": 50,
  "kp-sharma-oli": 56.19046855379125,
  "rabi-lamichhane": 50,
  "pushpa-kamal-dahal": 50,
  "madhav-kumar-nepal": 50,
  "prakash-sharan-mahat": 22.706451592723578,
  "manish-kumar": 50,
  "shailendra-kumar": 50,
  "candra-kant-rawat": 50,
  "rajendra-lingden": 50,
  "gagan-thapa": 50
}