{
  "balen-shah": 12.140658566616889,
  "sunil-lamsal": 62.39025434879939,
  "bhishmaraj-aangdambe": 50,
  "sudan-gurung": 85.71428571428571,
  "swarnim-wagle": 11.910081121159545,
  "rekha-sharma": 50,
  "kp-sharma-oli": 56.19046855379124,
  "rabi-lamichhane": 49.999999999999986,
  "pushpa-kamal-dahal": 50,
  "madhav-kumar-nepal": 50,
  "prakash-sharan-mahat": 22.706451592723557,
  "rajendra-lingden": 50,
  "gagan-thapa": 50
}